Fuel,VEHICLE_SEGMENT,liabilities,Customer_Income group
Diesel,C,,0- $25K
Diesel,C,,0- $25K
Diesel,C,,0- $25K
Diesel,C,,0- $25K
Diesel,C,,0- $25K
Diesel,C,,0- $25K
Diesel,C,,0- $25K
Diesel,C,,0- $25K
Diesel,C,,0- $25K
Diesel,C,,0- $25K
Diesel,C,,0- $25K
Diesel,C,,0- $25K
Diesel,C,,0- $25K
Diesel,C,,0- $25K
Diesel,C,,0- $25K
Diesel,C,,0- $25K
Diesel,C,,0- $25K
Diesel,C,,0- $25K
Diesel,C,,0- $25K
Diesel,C,,0- $25K
Diesel,C,,0- $25K
Diesel,C,,0- $25K
Diesel,C,,0- $25K
Diesel,C,,0- $25K
Diesel,C,,0- $25K
Diesel,C,,0- $25K
Diesel,C,,0- $25K
Diesel,C,,0- $25K
Diesel,C,,0- $25K
Diesel,C,,0- $25K
Diesel,C,,0- $25K
Diesel,C,,0- $25K
Diesel,C,,0- $25K
Diesel,C,,0- $25K
Diesel,C,,0- $25K
Diesel,C,,0- $25K
Diesel,C,,0- $25K
Diesel,C,,0- $25K
Diesel,C,,0- $25K
Diesel,C,,0- $25K
Diesel,C,,0- $25K
Diesel,C,,0- $25K
Diesel,C,,0- $25K
Diesel,C,,0- $25K
Diesel,C,,0- $25K
Diesel,C,,0- $25K
Diesel,C,,0- $25K
Diesel,C,,0- $25K
Diesel,C,,0- $25K
Diesel,C,,0- $25K
Diesel,C,,0- $25K
Diesel,C,,0- $25K
Diesel,C,,0- $25K
Diesel,C,,0- $25K
Diesel,C,,0- $25K
Diesel,C,,0- $25K
Diesel,C,,0- $25K
Diesel,C,,0- $25K
Diesel,C,,0- $25K
Diesel,C,,0- $25K
Diesel,C,,0- $25K
Diesel,C,,0- $25K
Diesel,C,,0- $25K
Diesel,C,,0- $25K
Diesel,C,,0- $25K
Diesel,C,,0- $25K
Diesel,C,,0- $25K
Diesel,C,,0- $25K
Diesel,C,,0- $25K
Diesel,C,,0- $25K
Diesel,C,,0- $25K
Diesel,C,,0- $25K
Diesel,C,,0- $25K
Diesel,C,,0- $25K
Diesel,C,,0- $25K
Diesel,C,,0- $25K
Diesel,C,,0- $25K
Diesel,C,,0- $25K
Diesel,C,,0- $25K
Petrol,C,,0- $25K
Petrol,C,,0- $25K
Petrol,C,,0- $25K
Petrol,C,,0- $25K
Diesel,C,,0- $25K
Diesel,C,,0- $25K
Diesel,C,,0- $25K
Diesel,C,,0- $25K
Petrol,C,,0- $25K
Diesel,C,,0- $25K
Diesel,C,,0- $25K
Diesel,C,,0- $25K
Diesel,C,,0- $25K
Diesel,C,,0- $25K
Petrol,C,,0- $25K
Diesel,C,,0- $25K
Diesel,C,,0- $25K
Diesel,C,,0- $25K
Petrol,C,,0- $25K
Diesel,C,,0- $25K
Diesel,C,,0- $25K
Diesel,C,,0- $25K
Diesel,C,,0- $25K
Petrol,C,,0- $25K
Diesel,C,,0- $25K
Diesel,C,,0- $25K
Diesel,C,,0- $25K
Diesel,C,,0- $25K
Diesel,C,,0- $25K
Diesel,C,,0- $25K
Petrol,C,,0- $25K
Petrol,C,,0- $25K
Diesel,C,,0- $25K
Diesel,C,,0- $25K
Diesel,C,,0- $25K
Diesel,C,,0- $25K
Diesel,C,,0- $25K
Diesel,C,,0- $25K
Petrol,C,,0- $25K
Petrol,C,,0- $25K
Diesel,C,,0- $25K
Diesel,C,,0- $25K
Diesel,C,,0- $25K
Diesel,C,,0- $25K
Diesel,C,,0- $25K
Diesel,C,,0- $25K
Diesel,C,,0- $25K
Petrol,C,,0- $25K
Petrol,C,,0- $25K
Petrol,C,,0- $25K
Petrol,C,,0- $25K
Petrol,C,,0- $25K
Diesel,C,,0- $25K
Diesel,C,,0- $25K
Diesel,C,,0- $25K
Diesel,C,,0- $25K
Diesel,C,,0- $25K
Petrol,C,,0- $25K
Diesel,C,,0- $25K
Diesel,C,,0- $25K
Diesel,C,,0- $25K
Petrol,C,,0- $25K
Diesel,C,,0- $25K
Diesel,C,,0- $25K
Diesel,C,,0- $25K
Diesel,C,,0- $25K
Diesel,C,,0- $25K
Diesel,C,,0- $25K
Petrol,C,,0- $25K
Diesel,C,,0- $25K
Diesel,C,,0- $25K
Petrol,C,,0- $25K
Petrol,C,,0- $25K
Diesel,C,,0- $25K
Diesel,C,,0- $25K
Diesel,C,,0- $25K
Petrol,C,,0- $25K
Diesel,C,,0- $25K
Diesel,C,,0- $25K
Diesel,C,,0- $25K
Diesel,C,,0- $25K
Diesel,C,,0- $25K
Diesel,C,,0- $25K
Petrol,C,,0- $25K
Diesel,C,,0- $25K
Diesel,C,,0- $25K
Diesel,C,,0- $25K
Diesel,C,,0- $25K
Diesel,C,,0- $25K
Diesel,C,,0- $25K
Diesel,C,,0- $25K
Petrol,C,,0- $25K
Diesel,C,,0- $25K
Diesel,C,,0- $25K
Diesel,C,,0- $25K
Petrol,C,,0- $25K
Petrol,C,,0- $25K
Petrol,C,,0- $25K
Petrol,C,,0- $25K
Petrol,C,,0- $25K
Petrol,C,,0- $25K
Petrol,C,,0- $25K
Petrol,C,,0- $25K
Petrol,C,,0- $25K
Petrol,C,,0- $25K
Petrol,B,,$25-$70K
Petrol,B,,$25-$70K
Petrol,B,,$25-$70K
Petrol,B,,$25-$70K
Petrol,B,,$25-$70K
Petrol,B,,$25-$70K
Petrol,B,,$25-$70K
Petrol,B,,$25-$70K
Petrol,B,,$25-$70K
Petrol,B,,$25-$70K
Petrol,B,,$25-$70K
Petrol,B,,$25-$70K
Petrol,B,,$25-$70K
Petrol,B,,$25-$70K
Petrol,B,,$25-$70K
Petrol,B,,$25-$70K
Petrol,B,,$25-$70K
Petrol,B,,$25-$70K
Petrol,B,,$25-$70K
Petrol,B,,$25-$70K
Petrol,B,,$25-$70K
Petrol,B,,$25-$70K
Petrol,B,,$25-$70K
Petrol,B,,$25-$70K
Petrol,B,,$25-$70K
Petrol,B,,$25-$70K
Petrol,B,,$25-$70K
Petrol,B,,$25-$70K
Petrol,B,,$25-$70K
Petrol,B,,$25-$70K
Petrol,B,,$25-$70K
Petrol,B,,$25-$70K
Petrol,B,,$25-$70K
Petrol,B,,$25-$70K
Petrol,B,,$25-$70K
Petrol,B,,$25-$70K
Petrol,B,,$25-$70K
Petrol,B,,$25-$70K
Petrol,B,,$25-$70K
Petrol,B,,$25-$70K
Petrol,B,,$25-$70K
Petrol,B,,$25-$70K
Petrol,B,,$25-$70K
Petrol,B,,$25-$70K
Petrol,B,,$25-$70K
Petrol,B,,$25-$70K
Petrol,B,,$25-$70K
Petrol,B,,$25-$70K
Petrol,B,,$25-$70K
Petrol,B,,$25-$70K
Petrol,B,,$25-$70K
Petrol,B,,$25-$70K
Petrol,B,,$25-$70K
Petrol,B,,$25-$70K
Petrol,B,,$25-$70K
Petrol,B,,$25-$70K
Petrol,B,,$25-$70K
Petrol,B,,$25-$70K
Petrol,B,,$25-$70K
Petrol,B,,$25-$70K
Petrol,B,,$25-$70K
Petrol,B,,$25-$70K
Petrol,B,,$25-$70K
Petrol,B,,$25-$70K
Petrol,B,,$25-$70K
Petrol,B,,$25-$70K
Petrol,B,,$25-$70K
Petrol,B,,$25-$70K
Petrol,B,,$25-$70K
Petrol,B,,$25-$70K
Petrol,B,,$25-$70K
Petrol,B,,$25-$70K
Petrol,B,,$25-$70K
Petrol,B,,$25-$70K
Petrol,B,,$25-$70K
Petrol,B,,$25-$70K
Petrol,B,,$25-$70K
Petrol,B,,$25-$70K
Petrol,B,,$25-$70K
Petrol,B,,$25-$70K
Petrol,B,,$25-$70K
Petrol,B,,$25-$70K
Petrol,B,,$25-$70K
Petrol,B,,$25-$70K
Petrol,B,,$25-$70K
Petrol,B,,$25-$70K
Petrol,B,,$25-$70K
Petrol,B,,$25-$70K
Petrol,B,,$25-$70K
Petrol,B,,$25-$70K
Petrol,B,,$25-$70K
Petrol,B,,$25-$70K
Petrol,B,,$25-$70K
Petrol,B,,$25-$70K
Petrol,B,,$25-$70K
Petrol,B,,$25-$70K
Petrol,B,,$25-$70K
Petrol,B,,$25-$70K
Petrol,B,,$25-$70K
Petrol,B,,$25-$70K
Petrol,B,,$25-$70K
Petrol,B,,$25-$70K
Petrol,B,,$25-$70K
Petrol,B,,$25-$70K
Petrol,B,,$25-$70K
Petrol,B,,$25-$70K
Petrol,B,,$25-$70K
Petrol,B,,$25-$70K
Petrol,B,,$25-$70K
Petrol,B,,$25-$70K
Petrol,B,,$25-$70K
Petrol,B,,$25-$70K
Petrol,B,,$25-$70K
Petrol,B,,$25-$70K
Petrol,B,,$25-$70K
Petrol,B,,$25-$70K
Petrol,B,,$25-$70K
Petrol,B,,$25-$70K
Petrol,B,,$25-$70K
Petrol,B,,$25-$70K
Petrol,B,,$25-$70K
Petrol,B,,$25-$70K
Petrol,B,,$25-$70K
Petrol,B,,$25-$70K
Petrol,B,,>$70K
Petrol,B,,>$70K
Petrol,B,,>$70K
Petrol,B,,>$70K
CNG,B,,>$70K
Petrol,B,,>$70K
CNG,B,,>$70K
Petrol,B,,>$70K
Petrol,B,,>$70K
Petrol,B,,>$70K
Petrol,B,,>$70K
CNG,B,,>$70K
Petrol,B,,>$70K
Petrol,B,,>$70K
CNG,B,,>$70K
Petrol,B,,>$70K
Petrol,B,,>$70K
Petrol,B,,>$70K
Petrol,B,,>$70K
Petrol,B,,>$70K
Petrol,B,,>$70K
CNG,B,,>$70K
Petrol,B,,>$70K
Petrol,B,,>$70K
Petrol,B,,>$70K
Petrol,B,,>$70K
Petrol,B,,>$70K
Petrol,B,,>$70K
CNG,B,,>$70K
Petrol,B,,>$70K
Petrol,B,,>$70K
Petrol,B,,>$70K
Petrol,B,,>$70K
CNG,B,,>$70K
Petrol,B,,>$70K
Petrol,B,,>$70K
Petrol,B,,>$70K
Petrol,B,,>$70K
Petrol,B,,>$70K
Petrol,B,,0- $25K
Petrol,B,,0- $25K
Petrol,B,,0- $25K
Petrol,B,,0- $25K
Petrol,B,,0- $25K
Petrol,B,,0- $25K
Petrol,B,,0- $25K
Petrol,B,,0- $25K
Petrol,B,,0- $25K
Petrol,B,,0- $25K
Petrol,B,,0- $25K
Petrol,B,,0- $25K
Petrol,B,,0- $25K
Petrol,B,,0- $25K
Petrol,B,,0- $25K
Petrol,B,,0- $25K
Petrol,B,,0- $25K
Petrol,B,,0- $25K
Petrol,B,,0- $25K
Petrol,B,,0- $25K
Petrol,B,,0- $25K
Petrol,B,,0- $25K
Petrol,B,,0- $25K
Petrol,B,,0- $25K
Petrol,B,,0- $25K
Petrol,B,,0- $25K
Petrol,B,,0- $25K
Petrol,B,,0- $25K
Petrol,B,,0- $25K
Petrol,B,,0- $25K
Petrol,B,,0- $25K
Petrol,B,,0- $25K
Petrol,B,,0- $25K
Petrol,B,,0- $25K
Petrol,B,,0- $25K
Petrol,B,,0- $25K
Petrol,B,,0- $25K
Petrol,B,,0- $25K
Petrol,B,,0- $25K
Petrol,B,,0- $25K
Petrol,B,,0- $25K
Petrol,B,,0- $25K
Petrol,B,,0- $25K
Petrol,B,,0- $25K
Petrol,B,,0- $25K
Petrol,B,,0- $25K
Petrol,B,,0- $25K
Petrol,B,,0- $25K
Petrol,B,,0- $25K
Petrol,B,,0- $25K
Petrol,B,,0- $25K
Petrol,B,,0- $25K
Petrol,B,,0- $25K
Petrol,B,,0- $25K
Petrol,B,,0- $25K
Petrol,B,,0- $25K
Petrol,B,,0- $25K
Petrol,B,,0- $25K
Petrol,B,,0- $25K
Petrol,B,,0- $25K
Petrol,B,,0- $25K
Petrol,B,,0- $25K
Petrol,B,,0- $25K
Petrol,B,,0- $25K
Petrol,B,,0- $25K
Petrol,B,,0- $25K
Petrol,B,,0- $25K
Petrol,B,,0- $25K
Petrol,B,,0- $25K
Petrol,B,,0- $25K
Petrol,B,,0- $25K
Petrol,B,,0- $25K
Petrol,B,,0- $25K
Petrol,B,,0- $25K
Petrol,B,,0- $25K
Petrol,B,,0- $25K
Petrol,B,,0- $25K
Petrol,B,,0- $25K
Petrol,B,,0- $25K
Petrol,B,,0- $25K
Petrol,B,,0- $25K
Petrol,B,,0- $25K
Petrol,B,,0- $25K
Petrol,B,,0- $25K
Petrol,B,,0- $25K
Petrol,B,,0- $25K
Petrol,B,,0- $25K
Petrol,B,,0- $25K
Petrol,B,,0- $25K
Petrol,B,,0- $25K
Petrol,B,,0- $25K
Petrol,B,,0- $25K
Petrol,B,,0- $25K
Petrol,B,,0- $25K
Petrol,B,,0- $25K
Petrol,B,,0- $25K
Petrol,B,,0- $25K
Petrol,B,,0- $25K
Petrol,B,,0- $25K
Petrol,B,,0- $25K
Petrol,B,,0- $25K
Petrol,B,,0- $25K
Petrol,B,,0- $25K
Petrol,B,,0- $25K
Petrol,B,,0- $25K
Petrol,B,,0- $25K
Petrol,B,,0- $25K
Petrol,B,,0- $25K
Petrol,B,,0- $25K
Petrol,B,,0- $25K
Petrol,B,,0- $25K
Petrol,B,,0- $25K
Petrol,B,,0- $25K
Petrol,B,,0- $25K
Petrol,B,,0- $25K
Petrol,B,,0- $25K
Petrol,B,,0- $25K
Petrol,B,,0- $25K
Petrol,B,,0- $25K
Petrol,B,,0- $25K
Petrol,B,,0- $25K
Petrol,B,,0- $25K
Petrol,B,,0- $25K
Petrol,B,,0- $25K
Petrol,B,,0- $25K
Petrol,B,,0- $25K
Petrol,B,,0- $25K
Petrol,B,,0- $25K
Petrol,B,,0- $25K
Petrol,B,,0- $25K
Petrol,B,,0- $25K
Petrol,B,,0- $25K
Petrol,B,,0- $25K
Petrol,B,,0- $25K
Petrol,B,,0- $25K
Petrol,B,,0- $25K
Petrol,B,,0- $25K
Petrol,B,,0- $25K
Petrol,B,,0- $25K
Petrol,B,,0- $25K
Petrol,B,,0- $25K
Petrol,B,,0- $25K
Petrol,B,,0- $25K
Petrol,B,,0- $25K
Petrol,B,,0- $25K
Petrol,B,,0- $25K
Petrol,B,,0- $25K
Petrol,B,,0- $25K
Petrol,B,,0- $25K
Petrol,B,,0- $25K
Petrol,B,,0- $25K
Petrol,B,,0- $25K
Petrol,B,,0- $25K
Petrol,B,,0- $25K
Petrol,B,,0- $25K
Petrol,B,,0- $25K
Petrol,B,,0- $25K
Petrol,B,,0- $25K
Petrol,B,,0- $25K
Petrol,B,,0- $25K
Petrol,B,,0- $25K
Petrol,B,,0- $25K
Petrol,B,,0- $25K
Petrol,B,,0- $25K
Petrol,B,,0- $25K
Petrol,B,,0- $25K
Petrol,B,,0- $25K
Petrol,B,,0- $25K
Petrol,B,,0- $25K
Petrol,B,,0- $25K
Petrol,B,,0- $25K
Petrol,B,,0- $25K
Petrol,B,,0- $25K
Petrol,B,,0- $25K
Petrol,B,,0- $25K
Petrol,B,,0- $25K
Petrol,B,,0- $25K
Petrol,B,,0- $25K
Petrol,B,,0- $25K
Petrol,B,,0- $25K
Petrol,B,,0- $25K
Petrol,B,,0- $25K
Petrol,B,,0- $25K
Petrol,B,,0- $25K
Petrol,B,,0- $25K
Petrol,B,,0- $25K
Petrol,B,,0- $25K
Petrol,B,,0- $25K
Petrol,B,,0- $25K
Petrol,B,,0- $25K
Petrol,B,,0- $25K
Petrol,B,,0- $25K
Petrol,B,,0- $25K
Petrol,B,,0- $25K
Petrol,B,,0- $25K
Petrol,B,,0- $25K
Petrol,B,,0- $25K
Petrol,B,,0- $25K
Petrol,B,,0- $25K
Petrol,B,,0- $25K
Petrol,B,,0- $25K
Petrol,B,,0- $25K
Petrol,B,,0- $25K
Petrol,B,,0- $25K
Petrol,B,,0- $25K
Petrol,B,,0- $25K
Petrol,B,,0- $25K
Petrol,B,,0- $25K
Petrol,B,,0- $25K
Petrol,B,,0- $25K
Petrol,B,,0- $25K
Petrol,B,,0- $25K
Petrol,B,,0- $25K
Petrol,B,,0- $25K
Petrol,B,,0- $25K
Petrol,B,,0- $25K
Petrol,B,,0- $25K
Petrol,B,,0- $25K
Petrol,B,,0- $25K
Petrol,B,,0- $25K
Petrol,B,,0- $25K
Petrol,B,,0- $25K
Petrol,B,,0- $25K
Petrol,B,,0- $25K
Petrol,B,,0- $25K
Petrol,B,,0- $25K
Petrol,B,,0- $25K
Petrol,B,,0- $25K
Petrol,B,,0- $25K
Petrol,B,,0- $25K
Petrol,B,,0- $25K
Petrol,B,,0- $25K
Petrol,B,,0- $25K
Petrol,B,,0- $25K
Petrol,B,,0- $25K
Petrol,B,,0- $25K
Petrol,B,,0- $25K
Petrol,B,,0- $25K
Petrol,B,,0- $25K
Petrol,B,,0- $25K
Petrol,B,,0- $25K
Petrol,B,,0- $25K
Petrol,B,,0- $25K
Petrol,B,,0- $25K
Petrol,B,,0- $25K
Petrol,B,,0- $25K
Petrol,B,,0- $25K
Petrol,B,,0- $25K
Petrol,B,,0- $25K
CNG,A,bodily injury liability,$25-$70K
CNG,A, personal injury protection,$25-$70K
CNG,A, property damage liability,$25-$70K
CNG,A, collision,$25-$70K
CNG,A, comprehensive,$25-$70K
CNG,A,,$25-$70K
CNG,A,,$25-$70K
CNG,A,,$25-$70K
CNG,A,,$25-$70K
CNG,A,,$25-$70K
CNG,A,,$25-$70K
CNG,A,,$25-$70K
CNG,A,,$25-$70K
CNG,A,,$25-$70K
CNG,A,,$25-$70K
CNG,A,,$25-$70K
CNG,A,,$25-$70K
CNG,A,,$25-$70K
CNG,A,,$25-$70K
CNG,A,,$25-$70K
CNG,A,,$25-$70K
CNG,A,,$25-$70K
CNG,A,,$25-$70K
CNG,A,,$25-$70K
CNG,A,,$25-$70K
CNG,A,,$25-$70K
CNG,A,,$25-$70K
CNG,A,,$25-$70K
CNG,A,,$25-$70K
CNG,A,,$25-$70K
CNG,A,,$25-$70K
CNG,A,,$25-$70K
CNG,A,,$25-$70K
CNG,A,,$25-$70K
CNG,A,,$25-$70K
CNG,A,,$25-$70K
CNG,A,,$25-$70K
CNG,A,,$25-$70K
CNG,A,,$25-$70K
CNG,A,,$25-$70K
CNG,A,,$25-$70K
CNG,A,,$25-$70K
CNG,A,,$25-$70K
CNG,A,,$25-$70K
CNG,A,,$25-$70K
CNG,A,,$25-$70K
CNG,A,,$25-$70K
CNG,A,,$25-$70K
CNG,A,,$25-$70K
CNG,A,,$25-$70K
CNG,A,,$25-$70K
CNG,A,,$25-$70K
CNG,A,,$25-$70K
CNG,A,,$25-$70K
CNG,A,,$25-$70K
CNG,A,,$25-$70K
CNG,A,,$25-$70K
CNG,A,,$25-$70K
CNG,A,,$25-$70K
CNG,A,,$25-$70K
CNG,A,,$25-$70K
CNG,A,,$25-$70K
CNG,A,,$25-$70K
CNG,A,,$25-$70K
CNG,A,,$25-$70K
CNG,A,,$25-$70K
CNG,A,,$25-$70K
CNG,A,,$25-$70K
CNG,A,,$25-$70K
CNG,A,,$25-$70K
CNG,A,,$25-$70K
CNG,A,,$25-$70K
CNG,A,,$25-$70K
CNG,A,,$25-$70K
CNG,A,,$25-$70K
CNG,A,,$25-$70K
CNG,A,,$25-$70K
CNG,A,,$25-$70K
CNG,A,,$25-$70K
CNG,A,,$25-$70K
CNG,A,,$25-$70K
CNG,A,,$25-$70K
CNG,A,,$25-$70K
CNG,A,,$25-$70K
CNG,A,,$25-$70K
CNG,A,,$25-$70K
CNG,A,,$25-$70K
CNG,A,,$25-$70K
CNG,A,,$25-$70K
CNG,A,,$25-$70K
CNG,A,,$25-$70K
CNG,A,,$25-$70K
CNG,A,,$25-$70K
CNG,A,,$25-$70K
CNG,A,,$25-$70K
CNG,A,,$25-$70K
CNG,A,,$25-$70K
CNG,A,,$25-$70K
CNG,A,,$25-$70K
CNG,A,,$25-$70K
CNG,A,,$25-$70K
CNG,A,,$25-$70K
CNG,A,,$25-$70K
CNG,A,,$25-$70K
CNG,A,,$25-$70K
CNG,A,,$25-$70K
CNG,A,,$25-$70K
CNG,A,,$25-$70K
CNG,A,,$25-$70K
CNG,A,,$25-$70K
CNG,A,,$25-$70K
CNG,A,,$25-$70K
CNG,A,,$25-$70K
CNG,A,,$25-$70K
CNG,A,,$25-$70K
CNG,A,,$25-$70K
CNG,A,,$25-$70K
CNG,A,,$25-$70K
CNG,A,,$25-$70K
CNG,A,,$25-$70K
CNG,A,,$25-$70K
CNG,A,,$25-$70K
CNG,A,,$25-$70K
CNG,A,,$25-$70K
CNG,A,,$25-$70K
CNG,A,,$25-$70K
CNG,A,,$25-$70K
CNG,A,,$25-$70K
CNG,A,,$25-$70K
CNG,A,,$25-$70K
CNG,A,,$25-$70K
CNG,A,,$25-$70K
CNG,A,,$25-$70K
CNG,A,,$25-$70K
CNG,A,,$25-$70K
CNG,A,,$25-$70K
CNG,A,,$25-$70K
CNG,A,,$25-$70K
CNG,A,,$25-$70K
CNG,A,,$25-$70K
CNG,A,,$25-$70K
CNG,A,,$25-$70K
CNG,A,,$25-$70K
CNG,A,,$25-$70K
CNG,A,,$25-$70K
CNG,A,,$25-$70K
CNG,A,,$25-$70K
CNG,A,,$25-$70K
CNG,A,,$25-$70K
CNG,A,,$25-$70K
CNG,A,,$25-$70K
CNG,A,,$25-$70K
CNG,A,,$25-$70K
CNG,A,,$25-$70K
CNG,A,,$25-$70K
CNG,A,,$25-$70K
CNG,A,,$25-$70K
CNG,A,,$25-$70K
CNG,A,,$25-$70K
CNG,A,,$25-$70K
CNG,A,,$25-$70K
CNG,A,,$25-$70K
CNG,A,,$25-$70K
CNG,A,,$25-$70K
CNG,A,,$25-$70K
CNG,A,,$25-$70K
CNG,A,,$25-$70K
CNG,A,,$25-$70K
CNG,A,,$25-$70K
CNG,A,,$25-$70K
CNG,A,,$25-$70K
CNG,A,,$25-$70K
CNG,A,,$25-$70K
CNG,A,,$25-$70K
CNG,A,,$25-$70K
CNG,A,,$25-$70K
CNG,A,,$25-$70K
CNG,A,,$25-$70K
CNG,A,,$25-$70K
CNG,A,,$25-$70K
CNG,A,,$25-$70K
CNG,A,,$25-$70K
CNG,A,,$25-$70K
CNG,A,,$25-$70K
CNG,A,,$25-$70K
CNG,A,,$25-$70K
CNG,A,,$25-$70K
CNG,A,,$25-$70K
CNG,A,,$25-$70K
CNG,A,,$25-$70K
CNG,A,,$25-$70K
CNG,A,,$25-$70K
CNG,A,,$25-$70K
CNG,A,,$25-$70K
CNG,A,,$25-$70K
CNG,A,,$25-$70K
CNG,A,,$25-$70K
CNG,A,,$25-$70K
CNG,A,,$25-$70K
CNG,A,,$25-$70K
CNG,A,,$25-$70K
CNG,A,,$25-$70K
CNG,A,,$25-$70K
CNG,A,,$25-$70K
CNG,A,,$25-$70K
CNG,A,,$25-$70K
CNG,A,,$25-$70K
CNG,A,,$25-$70K
CNG,A,,$25-$70K
CNG,A,,$25-$70K
CNG,A,,$25-$70K
CNG,A,,$25-$70K
CNG,A,,$25-$70K
CNG,A,,$25-$70K
CNG,A,,$25-$70K
CNG,A,,$25-$70K
CNG,A,,$25-$70K
CNG,A,,$25-$70K
CNG,A,,$25-$70K
CNG,A,,$25-$70K
CNG,A,,$25-$70K
CNG,A,,$25-$70K
CNG,A,,$25-$70K
CNG,A,,$25-$70K
CNG,A,,$25-$70K
CNG,A,,$25-$70K
CNG,A,,$25-$70K
CNG,A,,$25-$70K
CNG,A,,$25-$70K
CNG,A,,$25-$70K
CNG,A,,$25-$70K
CNG,A,,$25-$70K
CNG,A,,$25-$70K
CNG,A,,$25-$70K
CNG,A,,$25-$70K
CNG,A,,$25-$70K
CNG,A,,$25-$70K
CNG,A,,$25-$70K
CNG,A,,$25-$70K
CNG,A,,$25-$70K
CNG,A,,$25-$70K
CNG,A,,$25-$70K
CNG,A,,$25-$70K
CNG,A,,$25-$70K
CNG,A,,$25-$70K
CNG,A,,$25-$70K
CNG,A,,$25-$70K
CNG,A,,$25-$70K
CNG,A,,$25-$70K
CNG,A,,$25-$70K
CNG,A,,$25-$70K
CNG,A,,$25-$70K
CNG,A,,$25-$70K
CNG,A,,$25-$70K
CNG,A,,$25-$70K
CNG,A,,$25-$70K
CNG,A,,$25-$70K
CNG,A,,$25-$70K
CNG,A,,$25-$70K
CNG,A,,$25-$70K
CNG,A,,$25-$70K
CNG,A,,$25-$70K
CNG,A,,$25-$70K
CNG,A,,$25-$70K
CNG,A,,$25-$70K
CNG,A,,$25-$70K
CNG,A,,$25-$70K
CNG,A,,$25-$70K
CNG,A,,$25-$70K
CNG,A,,$25-$70K
CNG,A,,$25-$70K
CNG,A,,$25-$70K
CNG,A,,$25-$70K
CNG,A,,$25-$70K
CNG,A,,$25-$70K
CNG,A,,$25-$70K
CNG,A,,$25-$70K
CNG,A,,$25-$70K
CNG,A,,$25-$70K
CNG,A,,$25-$70K
CNG,A,,$25-$70K
CNG,A,,$25-$70K
CNG,A,,$25-$70K
CNG,A,,$25-$70K
CNG,A,,$25-$70K
CNG,A,,$25-$70K
CNG,A,,$25-$70K
CNG,A,,$25-$70K
CNG,A,,$25-$70K
CNG,A,,$25-$70K
CNG,A,,$25-$70K
CNG,A,,$25-$70K
CNG,A,,$25-$70K
CNG,A,,$25-$70K
CNG,A,,$25-$70K
CNG,A,,$25-$70K
CNG,A,,$25-$70K
CNG,A,,$25-$70K
CNG,A,,$25-$70K
CNG,A,,$25-$70K
CNG,A,,$25-$70K
CNG,A,,$25-$70K
CNG,A,,$25-$70K
CNG,A,,$25-$70K
CNG,A,,$25-$70K
CNG,A,,$25-$70K
CNG,A,,$25-$70K
CNG,A,,$25-$70K
CNG,A,,$25-$70K
CNG,A,,$25-$70K
CNG,A,,$25-$70K
CNG,A,,$25-$70K
CNG,A,,$25-$70K
CNG,A,,$25-$70K
CNG,A,,$25-$70K
CNG,A,,$25-$70K
CNG,A,,$25-$70K
CNG,A,,$25-$70K
CNG,A,,$25-$70K
CNG,A,,$25-$70K
CNG,A,,$25-$70K
CNG,A,,$25-$70K
CNG,A,,$25-$70K
CNG,A,,$25-$70K
CNG,A,,$25-$70K
CNG,A,,$25-$70K
CNG,A,,$25-$70K
CNG,A,,$25-$70K
CNG,A,,$25-$70K
CNG,A,,$25-$70K
CNG,A,,$25-$70K
CNG,A,,$25-$70K
CNG,A,,$25-$70K
CNG,A,,$25-$70K
CNG,A,,$25-$70K
CNG,A,,$25-$70K
CNG,A,,$25-$70K
CNG,A,,$25-$70K
CNG,A,,$25-$70K
CNG,A,,$25-$70K
CNG,A,,$25-$70K
CNG,A,,$25-$70K
CNG,A,,$25-$70K
CNG,A,,$25-$70K
CNG,A,,$25-$70K
CNG,A,,$25-$70K
CNG,A,,$25-$70K
CNG,A,,$25-$70K
CNG,A,,$25-$70K
CNG,A,,$25-$70K
CNG,A,,$25-$70K
CNG,A,,$25-$70K
CNG,A,,$25-$70K
CNG,A,,$25-$70K
CNG,A,,$25-$70K
CNG,A,,$25-$70K
CNG,A,,$25-$70K
CNG,A,,$25-$70K
CNG,A,,$25-$70K
CNG,A,,$25-$70K
CNG,A,,$25-$70K
CNG,A,,$25-$70K
CNG,A,,$25-$70K
CNG,A,,$25-$70K
CNG,A,,$25-$70K
CNG,A,,$25-$70K
CNG,A,,$25-$70K
CNG,A,,$25-$70K
CNG,A,,$25-$70K
CNG,A,,$25-$70K
CNG,A,,$25-$70K
CNG,A,,$25-$70K
CNG,A,,$25-$70K
CNG,A,,$25-$70K
CNG,A,,$25-$70K
CNG,A,,$25-$70K
CNG,A,,$25-$70K
CNG,A,,$25-$70K
CNG,A,,$25-$70K
CNG,A,,$25-$70K
CNG,A,,$25-$70K
CNG,A,,$25-$70K
CNG,A,,$25-$70K
CNG,A,,$25-$70K
CNG,A,,$25-$70K
CNG,A,,$25-$70K
CNG,A,,$25-$70K
CNG,A,,$25-$70K
CNG,A,,$25-$70K
CNG,A,,$25-$70K
CNG,A,,$25-$70K
CNG,A,,$25-$70K
CNG,A,,$25-$70K
CNG,A,,$25-$70K
CNG,A,,$25-$70K
CNG,A,,$25-$70K
CNG,A,,$25-$70K
CNG,A,,$25-$70K
CNG,A,,$25-$70K
CNG,A,,$25-$70K
CNG,A,,$25-$70K
CNG,A,,$25-$70K
CNG,A,,$25-$70K
CNG,A,,$25-$70K
CNG,A,,$25-$70K
CNG,A,,$25-$70K
CNG,A,,$25-$70K
CNG,A,,$25-$70K
CNG,A,,$25-$70K
CNG,A,,$25-$70K
CNG,A,,$25-$70K
CNG,A,,$25-$70K
CNG,A,,$25-$70K
CNG,A,,$25-$70K
CNG,A,,$25-$70K
CNG,A,,$25-$70K
CNG,A,,$25-$70K
CNG,A,,$25-$70K
CNG,A,,$25-$70K
CNG,A,,$25-$70K
CNG,A,,$25-$70K
CNG,A,,$25-$70K
CNG,A,,$25-$70K
CNG,A,,$25-$70K
CNG,A,,$25-$70K
CNG,A,,$25-$70K
CNG,A,,$25-$70K
CNG,A,,$25-$70K
CNG,A,,$25-$70K
CNG,A,,$25-$70K
CNG,A,,$25-$70K
CNG,A,,$25-$70K
CNG,A,,$25-$70K
CNG,A,,$25-$70K
CNG,A,,$25-$70K
CNG,A,,$25-$70K
CNG,A,,$25-$70K
CNG,A,,$25-$70K
CNG,A,,$25-$70K
CNG,A,,$25-$70K
CNG,A,,$25-$70K
CNG,A,,$25-$70K
CNG,A,,$25-$70K
CNG,A,,$25-$70K
CNG,A,,$25-$70K
CNG,A,,$25-$70K
CNG,A,,$25-$70K
CNG,A,,$25-$70K
CNG,A,,$25-$70K
CNG,A,,$25-$70K
CNG,A,,$25-$70K
CNG,A,,$25-$70K
CNG,A,,$25-$70K
CNG,A,,$25-$70K
CNG,A,,$25-$70K
CNG,A,,$25-$70K
CNG,A,,$25-$70K
CNG,A,,$25-$70K
CNG,A,,$25-$70K
CNG,A,,$25-$70K
CNG,A,,$25-$70K
CNG,A,,>$70K
CNG,A,,>$70K
CNG,A,,>$70K
CNG,A,,>$70K
CNG,A,,>$70K
CNG,A,,>$70K
CNG,A,,>$70K
CNG,A,,>$70K
CNG,A,,>$70K
CNG,A,,>$70K
CNG,A,,>$70K
CNG,A,,>$70K
CNG,A,,>$70K
CNG,A,,>$70K
CNG,A,,>$70K
CNG,A,,>$70K
CNG,A,,>$70K
CNG,A,,>$70K
CNG,A,,>$70K
CNG,A,,>$70K
CNG,A,,>$70K
CNG,A,,>$70K
CNG,A,,>$70K
CNG,A,,>$70K
CNG,A,,>$70K
CNG,A,,>$70K
CNG,A,,>$70K
CNG,A,,>$70K
CNG,A,,>$70K
CNG,A,,>$70K
CNG,A,,>$70K
CNG,A,,>$70K
CNG,A,,>$70K
CNG,A,,>$70K
CNG,A,,>$70K
CNG,A,,>$70K
CNG,A,,>$70K
CNG,A,,>$70K
CNG,A,,>$70K
CNG,A,,>$70K
CNG,A,,>$70K
CNG,A,,>$70K
CNG,A,,>$70K
CNG,A,,>$70K
CNG,A,,>$70K
CNG,A,,>$70K
CNG,A,,>$70K
CNG,A,,>$70K
CNG,A,,>$70K
CNG,A,,>$70K
CNG,A,,>$70K
CNG,A,,>$70K
CNG,A,,>$70K
CNG,A,,>$70K
CNG,A,,>$70K
CNG,A,,>$70K
CNG,A,,>$70K
CNG,A,,>$70K
CNG,A,,>$70K
CNG,A,,>$70K
CNG,A,,>$70K
CNG,A,,>$70K
CNG,A,,>$70K
CNG,A,,>$70K
CNG,A,,>$70K
CNG,A,,>$70K
CNG,A,,>$70K
CNG,A,,>$70K
CNG,A,,>$70K
CNG,A,,>$70K
CNG,A,,>$70K
CNG,A,,>$70K
CNG,A,,>$70K
CNG,A,,>$70K
CNG,A,,>$70K
CNG,A,,>$70K
CNG,A,,>$70K
CNG,A,,>$70K
CNG,A,,>$70K
CNG,A,,>$70K
CNG,A,,>$70K
CNG,A,,>$70K
CNG,A,,>$70K
CNG,A,,>$70K
CNG,A,,>$70K
CNG,A,,>$70K
CNG,A,,>$70K
CNG,A,,>$70K
CNG,A,,>$70K
CNG,A,,>$70K
CNG,A,,>$70K
CNG,A,,>$70K
CNG,A,,>$70K
CNG,A,,>$70K
CNG,A,,>$70K
CNG,A,,>$70K
CNG,A,,>$70K
CNG,A,,>$70K
CNG,A,,>$70K
CNG,A,,>$70K
CNG,A,,>$70K
CNG,A,,>$70K
CNG,A,,>$70K
CNG,A,,>$70K
CNG,A,,>$70K
CNG,A,,>$70K
CNG,A,,>$70K
CNG,A,,>$70K
CNG,A,,>$70K
CNG,A,,>$70K
CNG,A,,>$70K
CNG,A,,>$70K
CNG,A,,>$70K
CNG,A,,>$70K
CNG,A,,>$70K
CNG,A,,>$70K
CNG,A,,>$70K
CNG,A,,>$70K
CNG,A,,>$70K
CNG,A,,>$70K
CNG,A,,>$70K
CNG,A,,>$70K
CNG,A,,>$70K
CNG,A,,>$70K
CNG,A,,>$70K
CNG,A,,>$70K
CNG,A,,>$70K
CNG,A,,>$70K
CNG,A,,>$70K
CNG,A,,>$70K
CNG,A,,>$70K
CNG,A,,>$70K
CNG,A,,>$70K
CNG,A,,>$70K
CNG,A,,>$70K
CNG,A,,>$70K
CNG,A,,>$70K
CNG,A,,>$70K
CNG,A,,>$70K
CNG,A,,>$70K
CNG,A,,>$70K
CNG,A,,>$70K
CNG,A,,0- $25K
